Close,Volume,Volatility,30 upper band,30 lower band,Crossover,UpperDiff,UpperGrad,LowerDiff,LowerGrad,CrossDiff,CrossGrad
0.303239,890538619,0.009847018358456494,0.4798867223153476,0.25733861101798555,0.3083932648841096,0.04131272231534766,-0.003639522116614613,0.1812353889820144,-0.004850077883385484,0.005154264884109638,-0.0008569942745497161
0.308222,1221399046,0.038358715471316224,0.4798867223153476,0.25733861101798555,0.30925025915865934,0.04131272231534766,-0.003639522116614613,0.1812353889820144,-0.004850077883385484,0.0010282591586593393,-0.0008569942745497161
0.304552,1162919063,0.04894073918411306,0.4798867223153476,0.25733861101798555,0.3080526440509852,0.04131272231534766,-0.003639522116614613,0.1812353889820144,-0.004850077883385484,0.0035006440509852133,0.0011976151076741326
0.302342,805245812,0.01954078493891014,0.4798867223153476,0.25733861101798555,0.3068186971343212,0.04131272231534766,-0.003639522116614613,0.1812353889820144,-0.004850077883385484,0.004476697134321195,0.0012339469166640082
0.30238899999999996,1048970512,0.03079146397521079,0.4798867223153476,0.25733861101798555,0.30655365387071487,0.04131272231534766,-0.003639522116614613,0.1812353889820144,-0.004850077883385484,0.004164653870714907,0.0002650432636063238
0.299684,1082385112,0.023191094619666088,0.4798867223153476,0.25733861101798555,0.3051760810177556,0.04131272231534766,-0.003639522116614613,0.1812353889820144,-0.004850077883385484,0.005492081017755612,0.0013775728529592524
0.300721,927526280,0.013181653426265432,0.4798867223153476,0.25733861101798555,0.3054289907953864,0.04131272231534766,-0.003639522116614613,0.1812353889820144,-0.004850077883385484,0.004707990795386363,-0.00025290977763076095
0.296509,857521678,0.02622517360349959,0.4798867223153476,0.25733861101798555,0.3032061059064859,0.04131272231534766,-0.003639522116614613,0.1812353889820144,-0.004850077883385484,0.006697105906485867,0.0022228848889004893
0.300387,1057594529,0.026941911600701817,0.4798867223153476,0.25733861101798555,0.3050131332538799,0.04131272231534766,-0.003639522116614613,0.1812353889820144,-0.004850077883385484,0.004626133253879894,-0.001807027347394019
0.32454299999999997,2226303541,0.11139355955913381,0.4798867223153476,0.25733861101798555,0.32295968895225696,0.04131272231534766,-0.003639522116614613,0.1812353889820144,-0.004850077883385484,-0.001583311047743008,-0.017946555698377054
0.31007399999999996,2000224167,0.06576494643214208,0.4798867223153476,0.25733861101798555,0.32174763169768306,0.04131272231534766,-0.003639522116614613,0.1812353889820144,-0.004850077883385484,0.011673631697683096,0.0012120572545739061
0.325475,1973949373,0.06775328366233953,0.4798867223153476,0.25733861101798555,0.3316251274488996,0.04131272231534766,-0.003639522116614613,0.1812353889820144,-0.004850077883385484,0.006150127448899589,-0.009877495751216547
0.409062,5834207845,0.2285057032919216,0.4798867223153476,0.25733861101798555,0.4000667545937655,0.04131272231534766,-0.003639522116614613,0.1812353889820144,-0.004850077883385484,-0.008995245406234476,-0.0684416271448659
0.456005,4535603094,0.11740660738369103,0.4798867223153476,0.25733861101798555,0.47179178401856825,0.04131272231534766,-0.003639522116614613,0.1812353889820144,-0.004850077883385484,0.015786784018568256,-0.07172502942480274
0.419707,4730708975,0.17454081061311805,0.4798867223153476,0.25733861101798555,0.47476399999999996,0.04131272231534766,-0.003639522116614613,0.1812353889820144,-0.004850077883385484,0.05505699999999997,-0.002972215981431714
0.386193,3644156225,0.1477862105216822,0.4798867223153476,0.25733861101798555,0.437833920743503,0.04131272231534766,-0.003639522116614613,0.1812353889820144,-0.004850077883385484,0.051640920743503016,0.03693007925649694
0.372736,1866646601,0.06265024038461549,0.4798867223153476,0.25733861101798555,0.39507505664982445,0.04131272231534766,-0.003639522116614613,0.1812353889820144,-0.004850077883385484,0.02233905664982444,0.04275886409367857
0.4177,2803922255,0.12555183145798424,0.4798867223153476,0.25733861101798555,0.4013132944134786,0.04131272231534766,-0.003639522116614613,0.1812353889820144,-0.004850077883385484,-0.01638670558652139,-0.006238237763654175
0.398003,2258366889,0.08243405200463336,0.4798867223153476,0.25733861101798555,0.3806295059917212,0.04131272231534766,-0.003639522116614613,0.1812353889820144,-0.004850077883385484,-0.01737349400827881,0.020683788421757443
0.39760300000000004,1811582122,0.034715532830486714,0.4798867223153476,0.25733861101798555,0.361451048038697,0.04131272231534766,-0.003639522116614613,0.1812353889820144,-0.004850077883385484,-0.03615195196130305,0.019178457953024197
0.376637,2028827460,0.0890751572468982,0.4798867223153476,0.25733861101798555,0.3253968044785374,0.04131272231534766,-0.003639522116614613,0.1812353889820144,-0.004850077883385484,-0.051240195521462584,0.03605424356015957
0.381204,1595345471,0.04281434612438492,0.4798867223153476,0.25733861101798555,0.30415387210118505,0.04131272231534766,-0.003639522116614613,0.1812353889820144,-0.004850077883385484,-0.07705012789881494,0.021242932377352364
0.38454099999999997,1872678192,0.04727974390247075,0.4798867223153476,0.25733861101798555,0.29212458085459636,0.04131272231534766,-0.003639522116614613,0.1812353889820144,-0.004850077883385484,-0.0924164191454036,0.012029291246588691
0.38704,1363572843,0.02615233567589904,0.4798867223153476,0.25733861101798555,0.2857314851489433,0.04131272231534766,-0.003639522116614613,0.1812353889820144,-0.004850077883385484,-0.10130851485105669,0.006393095705653051
0.408413,1848938650,0.07446383929992446,0.4798867223153476,0.25733861101798555,0.301342833465374,0.04131272231534766,-0.003639522116614613,0.1812353889820144,-0.004850077883385484,-0.10707016653462603,-0.015611348316430684
0.43416800000000005,2736949591,0.07682049344954019,0.4798867223153476,0.25733861101798555,0.3342791704923662,0.04131272231534766,-0.003639522116614613,0.1812353889820144,-0.004850077883385484,-0.09988882950763384,-0.032936337026992224
0.446549,3193961851,0.07359998566786626,0.4798867223153476,0.25733861101798555,0.3633676078587562,0.04131272231534766,-0.003639522116614613,0.1812353889820144,-0.004850077883385484,-0.08318139214124376,-0.029088437366389996
0.443713,2538438749,0.0652741749734626,0.4798867223153476,0.25733861101798555,0.3735046139323843,0.04131272231534766,-0.003639522116614613,0.1812353889820144,-0.004850077883385484,-0.0702083860676157,-0.010137006073628108
0.42239499999999996,3527827315,0.13205885486333876,0.4798867223153476,0.25733861101798555,0.3527512857145426,0.04131272231534766,-0.003639522116614613,0.1812353889820144,-0.004850077883385484,-0.06964371428545735,0.020753328217841704
0.43857399999999996,2225730799,0.062130906072863604,0.4798867223153476,0.25733861101798555,0.35113146303204346,0.04131272231534766,-0.003639522116614613,0.1812353889820144,-0.004850077883385484,-0.08744253696795651,0.0016198226824991613
0.430583,1740720642,0.0386963721280218,0.48352624443196224,0.26218868890137104,0.33718091107582693,0.052943244431962244,-0.003639522116614613,0.16839431109862896,-0.004850077883385484,-0.09340208892417307,0.013950551956216528
0.44478500000000004,1595105832,0.03612082241982074,0.48831127603153884,0.2665078573017943,0.3386872249057865,0.0435262760315388,-0.004785031599576606,0.17827714269820572,-0.00431916840042329,-0.10609777509421353,-0.0015063138299595824
0.42576400000000003,2544969218,0.08133613926964245,0.49017886236155495,0.2727210709717782,0.31585585717660997,0.06441486236155491,-0.0018675863300161022,0.1530429290282218,-0.006213213669983897,-0.10990814282339006,0.022831367729176544
0.400667,2537240038,0.08566215835094984,0.48944269053463896,0.2800122427986943,0.272648360565986,0.08877569053463896,0.0007361718269159878,0.1206547572013057,-0.007291171826916076,-0.12801863943401398,0.04320749661062395
0.40273200000000003,1768216479,0.03592711778552475,0.48821501588275246,0.28792945078391413,0.24697186524844333,0.08548301588275242,0.0012276746518865012,0.1148025492160859,-0.007917207985219832,-0.1557601347515567,0.02567649531754268
0.41953999999999997,2014934546,0.06110501978357247,0.4870491552463827,0.29708571142028395,0.24906226702773104,0.06750915524638273,0.0011658606363697532,0.12245428857971602,-0.009156260636369817,-0.17047773297226892,-0.0020904017792877094
0.42313,1659632775,0.03434169167868022,0.4852252440056004,0.3070702226610663,0.25485601132125146,0.0620952440056004,0.0018239112407822944,0.11605977733893369,-0.009984511240782368,-0.16827398867874854,-0.00579374429352042
0.41241099999999997,1244578044,0.04230730994081139,0.4808823907102257,0.31913987595644094,0.24782863443938563,0.06847139071022573,0.0043428532953747045,0.09327112404355903,-0.012069653295374627,-0.16458236556061434,0.007027376881865832
0.388266,1575002838,0.08665708560625965,0.4747368103578303,0.3311440563088364,0.21914014729727538,0.08647081035783027,0.00614558035239543,0.05712194369116358,-0.012004180352395477,-0.16912585270272462,0.028688487142110253
0.400427,1477656039,0.05191208385048961,0.4709020780595284,0.3400377219404716,0.2167809884992406,0.0704750780595284,0.0038347322983018906,0.06038927805952837,-0.008893665631635184,-0.18364601150075938,0.0023591587980347772
0.39426100000000003,1186383476,0.0376831591255539,0.46314770162281416,0.35340456504385254,0.2119033603338869,0.06888670162281413,0.007754376436714228,0.04085643495614749,-0.013366843103380932,-0.18235763966611312,0.004877628165353698
0.40176,1221700743,0.031257467144563955,0.4560332420580499,0.36560469127528333,0.22039864798360623,0.0542732420580499,0.007114459564764253,0.03615530872471667,-0.012200126231430797,-0.18136135201639378,-0.008495287649719324
0.400887,1209093571,0.020222656259744096,0.4559028742837439,0.36519005904958923,0.22814187689843976,0.05501587428374388,0.0001303677743060283,0.03569694095041076,0.0004146322256941004,-0.17274512310156023,-0.007743228914833533
0.405921,1262403987,0.0337430189618176,0.45087212292208945,0.3668818770779103,0.24148646522908385,0.04495112292208947,0.005030751361654429,0.039039122922089664,-0.0016918180283210793,-0.16443453477091613,-0.013344588330644086
0.410419,1344741903,0.02285225586534743,0.45036864289721235,0.36676615710278737,0.2572313749395084,0.03994964289721237,0.000503480024877101,0.04365284289721261,0.00011571997512294097,-0.1531876250604916,-0.015744909710424526
0.427516,1981370152,0.071513112959515,0.45141731581005073,0.36847235085661567,0.2872756224953926,0.023901315810050727,-0.0010486729128383887,0.059043649143384336,-0.0017061937538283,-0.14024037750460738,-0.03004424755588425
0.44808000000000003,1979014573,0.07206971969291201,0.45372970136096696,0.3711828986390327,0.3285070455423791,0.00564970136096693,-0.0023123855509162294,0.07689710136096733,-0.0027105477824170277,-0.11957295445762095,-0.04123142304698646
0.42876099999999995,1832910177,0.07198649130867775,0.45448801211816836,0.3711619878818313,0.3316913420587404,0.025727012118168413,-0.000758310757201397,0.057599012118168647,2.091075720139779e-05,-0.09706965794125955,-0.003184296516361318
0.436817,1150637870,0.026720571772618777,0.4562848175689809,0.37195278243101876,0.3402702220133154,0.019467817568980916,-0.0017968054508125664,0.06486421756898125,-0.0007907945491874568,-0.0965467779866846,-0.008578879954575014
0.42982299999999996,1296288449,0.030733581032192453,0.45725933267319346,0.37312626732680626,0.3354825098486022,0.02743633267319351,-0.0009745151042125366,0.056696732673193695,-0.0011734848957875021,-0.09434049015139778,0.004787712164713243
0.443188,1546835769,0.037855266839354695,0.4580595283508627,0.3767628049824703,0.34449675197937313,0.014871528350862695,-0.0008001956776692576,0.06642519501752975,-0.0036365376556640183,-0.0986912480206269,-0.009014242130770955
0.474764,3641363867,0.13247845245216572,0.4639455520824888,0.37711411458417754,0.38132862231444564,-0.010818447917511242,-0.0058860237316260555,0.09764988541582248,-0.00035130960170726144,-0.09343537768555438,-0.036831870335072514
0.468291,2114801632,0.048493351356314725,0.4679159707157044,0.3787270292842953,0.39231382885685406,-0.0003750292842956138,-0.003970418633215622,0.08956397071570471,-0.0016129147001177624,-0.07597717114314595,-0.010985206542408421
0.470088,1641873591,0.04258564353908206,0.4716645535610054,0.38051497977232757,0.39529746572270874,0.0015765535610053893,-0.003748582845300996,0.08957302022767244,-0.0017879504880322639,-0.07479053427729127,-0.0029836368658546775
0.468229,1958460938,0.031347908822392516,0.47564872554784227,0.38051854111882416,0.3889448518357054,0.00741972554784226,-0.003984171986836871,0.08771045888117585,-3.561346496594453e-06,-0.07928414816429463,0.006352613887003367
0.467451,3581004665,0.0715925305540047,0.478851930863917,0.37953420246941616,0.3780645499773978,0.01140093086391697,-0.0032032053160747087,0.08791679753058385,0.0009843386494080009,-0.0893864500226022,0.010880301858307573
0.408754,3038678719,0.1841229688272163,0.47768770895993595,0.3781787577067306,0.30174397655508506,0.06893370895993595,0.001164221903981022,0.03057524229326941,0.0013554447626855648,-0.10701002344491495,0.07632057342231274
0.42731499999999994,1974643651,0.06046125223781045,0.4767827799162077,0.3779904867504588,0.27250487548341873,0.049467779916207766,0.000904929043728242,0.049324513249541124,0.00018827095627177437,-0.15481012451658122,0.02923910107166633
0.429378,1775096156,0.055319555263660385,0.4769840161609434,0.3782547838390565,0.2564235067213972,0.0476060161609434,-0.0002012362447356697,0.05112321616094351,-0.00026429708859765366,-0.1729544932786028,0.016081368762021542
0.396411,1570726856,0.08266420457555414,0.47667662246208103,0.3757513108712522,0.2113482870317808,0.08026562246208102,0.000307393698862346,0.020659689128747827,0.0025034729678042877,-0.18506271296821922,0.04507521968961639
0.406862,1783852226,0.06868422216869614,0.4763439369278063,0.37450259640552697,0.19804748553465296,0.0694819369278063,0.0003326855342747348,0.032359403594473035,0.0012487144657252203,-0.20881451446534705,0.01330080149712784
0.400204,1676193189,0.06311780991694223,0.47512117090722317,0.3727532957594435,0.18693276354746702,0.07491717090722316,0.0012227660205831326,0.02745070424055651,0.0017493006460834737,-0.213271236452533,0.011114721987185938
0.408532,1436716899,0.03063407517648556,0.47484782036794426,0.37187784629872234,0.19441856369807523,0.06631582036794426,0.00027335053927890485,0.03665415370127767,0.000875449460721156,-0.21411343630192478,-0.007485800150608207
0.388719,1385563454,0.05320295637722881,0.4753529558111523,0.370576177522181,0.18266818966083087,0.0866339558111523,-0.0005051354432080157,0.018142822477818954,0.0013016687765413093,-0.2060508103391691,0.011750374037244354
0.37896399999999997,1286860595,0.03461542521189338,0.47650943605121554,0.36783516394878435,0.17075569860701045,0.09754543605121557,-0.0011564802400632623,0.011128836051215618,0.002741013573396678,-0.20820830139298951,0.011912491053820418
0.38905500000000004,1521409875,0.07688116076133185,0.4768209557339482,0.36549131093271847,0.18139316740875464,0.08776595573394819,-0.00031151968273268604,0.023563689067281568,0.0023438530160658777,-0.2076618325912454,-0.010637468801744182
0.397047,1210813690,0.028366918777877743,0.4766345445743877,0.36393885542561233,0.20360186175411527,0.07958754457438771,0.0001864111595605289,0.033108144574387655,0.001552455507106143,-0.19344513824588472,-0.02220869434536063
0.401533,1253488309,0.02580609812892087,0.4766205783491889,0.3632276216508111,0.2283005355081443,0.07508757834918894,1.3966225198780435e-05,0.038305378349188846,0.000711233774801201,-0.17323246449185567,-0.024698673754029038
0.39416799999999996,1413299253,0.0387220677477623,0.47640219245248483,0.36383947421418195,0.24046458952067992,0.08223419245248487,0.00021838589670408748,0.030328525785818017,-0.0006118525633708183,-0.15370341047932004,-0.012164054012535619
0.363775,2300685763,0.12601745584495908,0.478445968736924,0.359352231263076,0.21904785698135026,0.114670968736924,-0.0020437762844391916,0.004422768736923988,0.004487242951105919,-0.14472714301864975,0.021416732539329658
0.330335,2056220396,0.1232324761227238,0.48403774836710034,0.34949871829956636,0.17455998755156565,0.15370274836710035,-0.005591779630176319,-0.019163718299566368,0.00985351296350967,-0.15577501244843434,0.04448786942978461
0.344118,1641965115,0.07698231420617344,0.4870053432194761,0.3426883234471907,0.17002796061393766,0.1428873432194761,-0.0029675948523757434,0.0014296765528092892,0.0068103948523756674,-0.17409003938606232,0.004532026937627998
0.332179,1076509239,0.05958835447153486,0.4906647149981613,0.3344484183351721,0.1628787853732484,0.15848571499816128,-0.0036593717786851943,-0.00226941833517208,0.008239905112018608,-0.1693002146267516,0.007149175240689254
0.30642600000000003,1365358144,0.09639521450529638,0.4964347294484954,0.32204540388483793,0.13963499999999998,0.1900087294484954,-0.005770014450334149,-0.015619403884837901,0.012403014450334149,-0.16679100000000005,0.02324378537324842
0.31531,1638295919,0.07330563572357353,0.49976114212472605,0.3123783912086074,0.14591505662796206,0.18445114212472608,-0.003326412676230628,0.0029316087913925926,0.009667012676230546,-0.16939494337203792,-0.006280056627962077
0.29672600000000005,1527503243,0.0975580164865904,0.5031255670150945,0.30029463298490555,0.14058957631970403,0.20639956701509443,-0.0033644248903684226,-0.0035686329849055065,0.012083758223701835,-0.156136423680296,0.005325480308258024
0.31061300000000003,2478342585,0.08895635404828521,0.5022291715041766,0.2920265618291567,0.1642998170622125,0.19161617150417654,0.0008963955109179134,0.018586438170843322,0.008268071155748846,-0.14631318293778753,-0.023710240742508465
0.323176,1460358426,0.061520657474565144,0.5013642709426751,0.2858524623906582,0.20384257681960188,0.1781882709426751,0.0008649005615014582,0.03732353760934182,0.006174099438498504,-0.11933342318039813,-0.039542759757389384
0.32060500000000003,1181194676,0.03232014472637681,0.4994015329527418,0.2800677337139249,0.2348534608889986,0.17879653295274178,0.001962737989933294,0.040537266286075124,0.005784728676733297,-0.08575153911100142,-0.031010884069396727
0.33320900000000003,1288327249,0.06121683387903679,0.4969811611058966,0.27604717222743674,0.27572829896269413,0.16377216110589654,0.0024203718468452373,0.05716182777256329,0.004020561486488161,-0.057480701037305904,-0.04087483807369552
0.331309,1045044900,0.03791626548026168,0.4928881999028572,0.27268153343047613,0.3047835602556819,0.16157919990285718,0.004092961203039369,0.05862746656952389,0.0033656387969606127,-0.026525439744318147,-0.029055261292987744
0.322106,1079720970,0.04202653784778913,0.4842632877138848,0.2711292456194485,0.31689049146808834,0.16215728771388482,0.008624912188972378,0.05097675438055149,0.0015522878110276195,-0.005215508531911661,-0.012106931212406469
0.30992600000000003,1015322888,0.047420997270316186,0.47606422293603745,0.2687706437306292,0.31444768840257853,0.16613822293603742,0.008199064777847376,0.041155356269370835,0.0023586018888193117,0.004521688402578494,0.002442803065509813
0.315947,1222619064,0.03543315809297115,0.46605930292962583,0.2684994970703741,0.32300298881924916,0.15011230292962585,0.010004920006411622,0.04744750292962585,0.0002711466602550727,0.0070559888192491815,-0.00855530041667063
0.31481,1086214216,0.023766716432133635,0.4550274283874457,0.269303438279221,0.33010216202243226,0.14021742838744572,0.011031874542180131,0.04550656172077899,-0.0008039412088468589,0.015292162022432276,-0.007099173203183096
0.32353000000000004,1039753781,0.045708280530399104,0.44225053531829994,0.27248559801503336,0.3467029282915616,0.1187205353182999,0.012776893069145756,0.05104440198496668,-0.003182159735812373,0.023172928291561534,-0.01660076626912932
0.310528,1163969614,0.061134583676834116,0.43834992867591227,0.2698378046574209,0.3444203826072354,0.12782192867591224,0.0039006066423876717,0.040690195342579116,0.002647793357612449,0.03389238260723537,0.002282545684326176
0.312288,846655034,0.027743621272671395,0.431128803672257,0.26939046299440966,0.34656978099795255,0.11884080367225697,0.007221125003655293,0.04289753700559035,0.000447341663011247,0.03428178099795254,-0.00214939839071715
0.310658,807093679,0.01864429694390622,0.4226431630689387,0.2699614369310612,0.34756972584029255,0.11198516306893869,0.0084856406033183,0.04069656306893876,-0.0005709739366515643,0.036911725840292564,-0.000999944842340006
0.31847,928714010,0.03938204540459069,0.41827312885075785,0.26913540448257534,0.3580906252579472,0.09980312885075787,0.004370034218180829,0.04933459551742464,0.0008260324484858916,0.03962062525794724,-0.010520899417654661
0.320909,996700948,0.016269409708048,0.41188863580119967,0.2697896975321336,0.36800568024033886,0.09097963580119967,0.006384493049558182,0.05111930246786639,-0.0006542930495582744,0.04709668024033886,-0.009915054982391647
0.317906,882867288,0.02427447107006465,0.40594378010583143,0.27024801989416847,0.3709001813307711,0.08803778010583141,0.005944855695368234,0.047657980105831554,-0.00045832236203485754,0.05299418133077105,-0.002894501090432211
0.312394,816728848,0.025711121212315342,0.3978805571007981,0.2719020428992018,0.36634030335447276,0.08548655710079811,0.008063223005033315,0.040491957100798226,-0.0016540230050333116,0.05394630335447276,0.00455987797629831
0.316757,789419360,0.02511388856442001,0.3924054356997452,0.27257969763358814,0.3680769081675472,0.07564843569974516,0.00547512140105294,0.044177302366411875,-0.000677654734386357,0.05131990816754717,-0.001736604813074416
0.319842,926896287,0.033141363548251944,0.3879472633894203,0.27309640327724627,0.3721273184872586,0.0681052633894203,0.004458172310324859,0.046745596722753746,-0.000516705643658133,0.05228531848725859,-0.004050410319711428
0.32356399999999996,1203381139,0.03709930647414427,0.38136773280907194,0.2753098671909279,0.3779712389131211,0.05780373280907197,0.0065795305803483806,0.04825413280907204,-0.002213463913681657,0.05440723891312116,-0.005843920425862514
0.31132600000000005,1069603911,0.051556888920295876,0.37203310758207564,0.27892975908459083,0.36691675260360146,0.06070710758207559,0.009334625226996296,0.03239624091540921,-0.0036198918936629076,0.05559075260360141,0.011054486309519662
0.311969,967534123,0.021966926201000735,0.35934145569382814,0.2856504776395049,0.35988739239172907,0.04737245569382814,0.012691651888247502,0.02631852236049509,-0.0067207185549140736,0.04791839239172907,0.007029360211872393
0.307661,907305889,0.024396982392958524,0.34500931840986504,0.29421548159013455,0.3501849764683539,0.03734831840986502,0.014332137283963098,0.013445518409865465,-0.008565003950629646,0.042523976468353875,0.009702415923375174
0.29734299999999997,1021136188,0.05026854508093343,0.33799180233518794,0.29680419766481164,0.33260797115285323,0.04064880233518797,0.007017516074677099,0.0005388023351883264,-0.0025887160746770888,0.035264971152853264,0.01757700531550066
0.298721,1077459339,0.03784133020443819,0.33742829618908166,0.29526010381091794,0.32382993003256055,0.03870729618908164,0.0005635061461062851,0.0034608961890820744,0.0015440938538937021,0.02510893003256054,0.008778041120292679
0.301915,838671654,0.03070400609443037,0.33387601513716264,0.2959988515295036,0.32299003995190934,0.03196101513716265,0.003552281051919015,0.005916148470496374,-0.000738747718585675,0.021075039951909347,0.0008398900806512177
0.300322,762308356,0.016722051664546808,0.33238132723488056,0.2953697394317857,0.3218691900708994,0.032059327234880586,0.001494687902282077,0.004952260568214295,0.0006291120977179321,0.021547190070899447,0.001120849881009911
0.296639,853175560,0.02567430445760676,0.33292321294855115,0.29417538705144847,0.31830049393548526,0.036284212948551164,-0.0005418857136705868,0.002463612948551519,0.0011943523803372158,0.021661493935485276,0.003568696135414162
0.263343,1794754610,0.17023425722346894,0.3384663344236185,0.28516779890971444,0.28077642400801484,0.07512333442361852,-0.0055431214750673585,-0.02182479890971445,0.009007588141734024,0.01743342400801484,0.03752406992747043
0.264882,1342788578,0.04579020091965479,0.34202790573240155,0.27948329426759816,0.26233163768442536,0.07714590573240154,-0.0035615713087830403,-0.014601294267598153,0.005684504642116284,-0.00255036231557465,0.01844478632358948
0.261971,1133224404,0.032350909070087946,0.34512507574180673,0.273143324258193,0.25202038134815546,0.08315407574180672,-0.0030971700094051813,-0.011172324258192978,0.006339970009405171,-0.009950618651844545,0.010311256336269892
0.265721,1004931822,0.0330948626566964,0.34611542200883255,0.2683226446578338,0.2548060673410446,0.08039442200883257,-0.0009903462670258212,-0.0026016446578338015,0.004820679600359201,-0.010914932658955379,-0.002785685992889142
0.282646,1216547019,0.08894164431833447,0.3455122556164405,0.2663952110502258,0.28027540182551924,0.06286625561644049,0.0006031663923920516,0.01625078894977422,0.0019274336076079979,-0.0023705981744807647,-0.025469334484474637
0.283328,1241578947,0.03764541450192006,0.3432985358424085,0.2652835308242579,0.3008164872952912,0.05997053584240847,0.002213719774032008,0.01804446917574215,0.0011116802259679148,0.017488487295291177,-0.020541085469771958
0.275806,1056822925,0.03552859618717485,0.3414108307836995,0.26347103588296683,0.30818064764093056,0.0656048307836995,0.0018877050587089994,0.012334964117033165,0.001812494941291043,0.032374647640930565,-0.007364160345639359
0.266261,1164536124,0.05662489061484765,0.3409715644197943,0.2601873022468721,0.3046737763772303,0.07471056441979429,0.0004392663639051775,0.006073697753127938,0.0032837336360947433,0.038412776377230284,0.003506871263700251
0.270944,1065712731,0.041982845163576324,0.3409168841019317,0.25764318256473456,0.3102036059412142,0.0699728841019317,5.468031786259875e-05,0.013300817435265455,0.0025441196821375245,0.03925960594121419,-0.005529829563983901
0.276545,999419343,0.03257336057422849,0.33991264396106413,0.2560206227056022,0.3221137892088586,0.06336764396106415,0.001004240140867585,0.020524377294397766,0.0016225598591323442,0.045568789208858596,-0.01191018326764437
0.27255300000000005,934380519,0.033079804661845465,0.338998732854469,0.2541174004788641,0.3268099178265744,0.06644573285446898,0.0009139111065951111,0.018435599521135937,0.0019032222267381105,0.05425691782657438,-0.0046961286177158446
0.270088,964693737,0.02580640383874897,0.3370185828076807,0.25253475052565233,0.3283767756001337,0.06693058280768072,0.0019801500467883093,0.017553249474347665,0.0015826499532117788,0.05828877560013368,-0.0015668577735592493
0.27078800000000003,1332395984,0.03270824408762575,0.33614005954023257,0.2507639404597672,0.3313378598062374,0.06535205954023254,0.0008785232674481391,0.02002405954023284,0.0017708100658851422,0.060549859806237394,-0.002961084206103748
0.26961799999999997,1028940804,0.017899398408118144,0.33496351200023217,0.24909582133310076,0.33290721646225885,0.0653455120002322,0.0011765475400004055,0.020522178666899205,0.001668119126666423,0.06328921646225888,-0.0015693566560214256
0.25745,1275267910,0.06737230530200038,0.33438503616457377,0.24612709716875922,0.3213618524737006,0.07693503616457376,0.0005784758356583986,0.011322902831240794,0.0029687241643415463,0.06391185247370057,0.011545363988558266
0.25704499999999997,1279995807,0.04333871501099002,0.33261978668014014,0.24379734665319286,0.315118321812276,0.07557478668014017,0.0017652494844336286,0.013247653346807109,0.002329750515566359,0.058073321812276035,0.006243530661424579
0.256218,997071647,0.017918335167708795,0.3301745453542387,0.24192985464576094,0.31204538401593396,0.07395654535423868,0.0024452413259014594,0.014288145354239057,0.0018674920074319146,0.055827384015933956,0.0030729377963420457
0.259204,845142390,0.019494297927501233,0.3275742953877926,0.24061663794554042,0.31530909200902324,0.0683702953877926,0.0026002499664460887,0.018587362054459572,0.0013132167002205264,0.05610509200902325,-0.003263707993089282
0.258054,825579908,0.020743720306602695,0.3254108673565901,0.23915739931007632,0.317805500069013,0.06735686735659008,0.002163428031202508,0.018896600689923687,0.0014592386354640996,0.059751500069012975,-0.002496408059989741
0.26082,1044772829,0.030986887508626767,0.3221946909713453,0.23864444236198776,0.32397868730824786,0.06137469097134529,0.0032161763852447955,0.02217555763801224,0.000512956948088561,0.06315868730824786,-0.0061731872392348786
0.263139,1162545093,0.027042741668851653,0.3179908973719241,0.23906803596140902,0.33160530721903203,0.054851897371924085,0.004203793599421191,0.024070964038590992,-0.0004235935994212625,0.06846630721903202,-0.0076266199107841715
0.259905,1068332805,0.01913391431484583,0.3125554946722867,0.240259505327713,0.33357840285657747,0.05265049467228672,0.005435402699637382,0.01964549467228699,-0.0011914693663039877,0.07367340285657747,-0.001973095637545441
0.256346,1050490375,0.022418918180896356,0.3089275958848317,0.24022207078183486,0.3314894228512585,0.05258159588483169,0.0036278987874550084,0.01612392921816516,3.743454587815109e-05,0.07514342285125847,0.0020889800053189855
0.25234,1063044201,0.03379170959816124,0.3048220230266386,0.24035237697336137,0.3264192783133009,0.05248202302663857,0.0041055728581931294,0.011987623026638639,-0.00013030619152651357,0.07407927831330091,0.005070144537957566
0.260687,962765309,0.04302094082175166,0.3006658426080997,0.24137695739190032,0.33330155251911153,0.039978842608099696,0.0041561804185388795,0.01931004260809968,-0.0010245804185389507,0.07261455251911153,-0.006882274205810612
0.26308400000000004,1043077809,0.02167748703836042,0.2979244762744291,0.24183439039223756,0.3407089837174657,0.034840476274429044,0.002741366333670614,0.021249609607762482,-0.00045743300033723733,0.07762498371746568,-0.007407431198354186
0.259562,1157441363,0.02331234926530067,0.2946398364260877,0.2425084302405789,0.3414688545614749,0.035077836426087694,0.0032846398483413752,0.017053569759421128,-0.000674039848341329,0.0819068545614749,-0.0007598708440091917
0.258671,975503111,0.029164459873738998,0.29017662836709185,0.24408870496624152,0.34084275816967585,0.031505628367091865,0.00446320805899586,0.014582295033758463,-0.0015802747256626337,0.08217175816967587,0.0006260963917990581
0.255956,992565704,0.025125412180218333,0.2853329500755657,0.24597464992443432,0.3372992225933017,0.029376950075565678,0.0048436782915261545,0.009981350075565693,-0.0018859449581928034,0.08134322259330168,0.003543535576374157
0.254811,974717877,0.017503169015466225,0.28047729361692914,0.2480417730497376,0.3337749991103648,0.025666293616929126,0.004855656458636559,0.006769226950262414,-0.002067123125303272,0.07896399911036478,0.0035242234829369057
0.25555100000000003,869481607,0.01247891810245312,0.2805249693289905,0.2474746306710095,0.33246452330975773,0.024973969328990486,-4.7675712061379105e-05,0.00807636932899053,0.0005671423787280971,0.0769135233097577,0.0013104758006070583
0.261167,1005057194,0.03692656422901816,0.2804294340311975,0.24732249930213573,0.33792226358748734,0.01926243403119754,9.553529779299241e-05,0.013844500697864248,0.00015213136887376466,0.07675526358748735,-0.005457740277729606
0.261628,859761210,0.019661504120354018,0.280423917910717,0.2473051487559496,0.3415948499621576,0.018795917910716997,5.516120480497655e-06,0.014322851244050416,1.7350546186123417e-05,0.07996684996215758,-0.0036725863746702725
0.260952,878264190,0.018171924338575767,0.2802827595464879,0.2471283737868454,0.3426288789550396,0.019330759546487886,0.00014115836422912142,0.01382362621315461,0.0001767749691042042,0.08167687895503956,-0.0010340289928819635
0.285013,1981364786,0.12016293993607309,0.28075260736690466,0.2468163259664287,0.3691041963522665,-0.004260392633095356,-0.00046984782041675777,0.038196674033571326,0.0003120478204167165,0.08409119635226647,-0.026475317397226916
0.313776,2548478917,0.12146563153332315,0.2887928044419988,0.24080599555800125,0.4151747703347026,-0.024983195558001214,-0.008040197075094124,0.07297000444199875,0.006010330408427439,0.10139877033470263,-0.046070573982436136
0.30244099999999996,2314376584,0.08848998647670119,0.2930942609429718,0.23828020572369485,0.42673396326525215,-0.009346739057028153,-0.004301456500973022,0.06416079427630511,0.0025257898343064022,0.12429296326525219,-0.011559192930549522
0.29447,1558069366,0.04661255815532997,0.2959824270767135,0.23727263958995315,0.4194890806786209,0.0015124270767135073,-0.0028881661337417097,0.05719736041004686,0.0010075661337416997,0.1250190806786209,0.007244882586631252
0.289443,1266771269,0.033851224593443176,0.2977296691299174,0.23675866420341593,0.4038251347682972,0.008286669129917379,-0.001747242053203868,0.052684335796584075,0.0005139753865372187,0.11438213476829717,0.015663945910323718
0.278931,1242282758,0.0550566269077299,0.29792185025804463,0.23672554974195534,0.3774506737073673,0.018990850258044645,-0.00019218112812724453,0.04220545025804465,3.3114461460592715e-05,0.0985196737073673,0.026374461060929888
0.268675,1484938724,0.06527961291523206,0.2977338785586702,0.23665498810799648,0.3458700305038325,0.029058878558670176,0.00018797169937445624,0.032020011892003514,7.05616339588544e-05,0.07719503050383253,0.031580643203534764
0.23522600000000002,2114210733,0.19477438718509005,0.29869546292585286,0.2333692704074804,0.2870682289270242,0.06346946292585284,-0.0009615843671826885,0.0018567295925196181,0.003285717700516083,0.0518422289270242,0.05880180157680831
0.246441,1800796894,0.057035963983265714,0.298597047698854,0.231844552301146,0.26349668145276484,0.052156047698853986,9.84152269988825e-05,0.014596447698853987,0.001524718106334394,0.017055681452764843,0.02357154747425938
0.243784,1387714462,0.06735470744593593,0.29858864281396086,0.23013069051937243,0.24807608931170394,0.05480464281396086,8.404884893120634e-06,0.013653309480627568,0.0017138617817735735,0.004292089311703939,0.015420592141060896
0.24402100000000002,1277746422,0.0391810540896071,0.2988586368562593,0.22896542981040718,0.24189558405702508,0.05483763685625928,-0.00026999404229843815,0.015055570189592832,0.001165260708965249,-0.0021254159429749397,0.006180505254678864
0.242571,978211509,0.017697911127051425,0.29915934231738484,0.2276997910159484,0.24012528408078226,0.05658834231738483,-0.00030070546112553886,0.014871208984051615,0.00126563879445879,-0.0024457159192177447,0.0017702999762428118
0.24138800000000002,931369885,0.024044277263161395,0.29947895357761106,0.22639151308905556,0.24166149573131385,0.05809095357761104,-0.0003196112602262269,0.014996486910944462,0.0013082779268928368,0.00027349573131382754,-0.0015362116505315826
0.25593299999999997,1662002377,0.08528013190952326,0.2994354466533281,0.2262169533466718,0.26265332612248293,0.04350244665332814,4.350692428295444e-05,0.029716046653328165,0.00017455974238375638,0.006720326122482967,-0.020991830391169086
0.249565,1319433697,0.050820427543926655,0.29943524956592527,0.22565121710074135,0.2718247221934774,0.049870249565925256,1.9708740284229975e-07,0.023913782899258662,0.0005657362459304538,0.02225972219347741,-0.009171396070994486
0.253539,1093145013,0.031920138519123356,0.29933498296862,0.22526608369804663,0.2845731758991953,0.045795982968619975,0.00010026659730527632,0.028272916301953388,0.00038513340269472063,0.03103417589919527,-0.012748453705717866
0.24786,1043933395,0.03686355200516445,0.29919635047426096,0.2243861161924057,0.28832471339706844,0.05133635047426097,0.00013863249435902558,0.023473883807594298,0.0008799675056409273,0.04046471339706845,-0.0037515374978731586
0.25393499999999997,1078860456,0.03474117392246046,0.29910224985557615,0.22408221681109047,0.2992237301677833,0.045167249855576186,9.410061868481145e-05,0.029852783188909493,0.00030389938131522576,0.04528873016778334,-0.010899016770714864
0.25345700000000004,944304199,0.02809549548838665,0.2990764502185625,0.22391541644810403,0.3068393887957287,0.04561945021856245,2.5799637013657062e-05,0.02954158355189601,0.00016680036298644119,0.05338238879572865,-0.0076156586279453875
0.257705,965338466,0.02081449719640688,0.29912583115569014,0.22422370217764306,0.3172032775435856,0.04142083115569012,-4.938093712764102e-05,0.033481297822356954,-0.00030828572953903177,0.05949827754358561,-0.01036388874785693
0.275685,1938984643,0.0851152583564576,0.29997003657111965,0.2243793634288802,0.343841009251293,0.024285036571119634,-0.0008442054154295109,0.051305636571119806,-0.00015566125123714358,0.068156009251293,-0.02663773170770739
0.278459,1518125769,0.042465856732948226,0.3009476613502126,0.2244267386497873,0.3624645906292582,0.022488661350212602,-0.000977624779092967,0.05403226135021272,-4.737522090708657e-05,0.08400559062925816,-0.01862358137796516
0.281627,1579225264,0.03128251197505915,0.3022782705610877,0.22456712943891222,0.37539921254477926,0.020651270561087676,-0.0013306092108750778,0.0570598705610878,-0.0001403907891249223,0.09377221254477924,-0.012934621915521083
0.272073,1383555182,0.04652427841057364,0.3028070285043994,0.22493183816226722,0.3699343393195934,0.03073402850439938,-0.0005287579433116973,0.04714116183773279,-0.00036470872335500615,0.0978613393195934,0.005464873225185851
0.271099,1265760690,0.027100800814462794,0.30327990178725345,0.22546849821274642,0.36252716204102586,0.03218090178725347,-0.0004728732828540583,0.04563050178725356,-0.0005366600504791985,0.09142816204102588,0.007407177278567545
0.27319099999999996,1100066310,0.02886625108440617,0.303848263492268,0.22612546984106519,0.35754222105041417,0.03065726349226805,-0.000568361705014564,0.047065530158934776,-0.0006569716283187643,0.0843512210504142,0.004984940990611697
0.277765,1176911158,0.033560743794214726,0.30469116372046107,0.22676350294620548,0.35695670708128013,0.026926163720461083,-0.0008429002281930553,0.0510014970537945,-0.0006380331051402954,0.07919170708128015,0.0005855139691340328
0.296523,1685629956,0.06719208965240489,0.30740740140040956,0.22640433193292364,0.37466089474185005,0.010884401400409582,-0.0027162376799484966,0.07011866806707634,0.0003591710132818393,0.07813789474185007,-0.017704187660569914
0.288702,1686563830,0.048808113556539336,0.3090234894988412,0.22659317716782532,0.37349429426401753,0.02032148949884116,-0.0016160880984316117,0.0621088228321747,-0.00018884523490167449,0.08479229426401752,0.0011666004778325134
0.28464,1626378642,0.039080944350758935,0.3101755924700864,0.22702027419658008,0.36455012821987953,0.02553559247008641,-0.001152102971245239,0.057619725803419924,-0.00042709702875476374,0.07991012821987953,0.008944166044138002
0.302315,1807694164,0.06573606999321908,0.3121509955814144,0.22619833775191883,0.3749977673922403,0.009835995581414403,-0.001975403111327989,0.07611666224808117,0.0008219364446612476,0.07268276739224028,-0.010447639172360745
0.295005,1809664285,0.05212115048897476,0.30932874074557143,0.2277691925877618,0.3693995170259136,0.014323740745571412,0.0028222548358429744,0.06723580741223822,-0.0015708548358429608,0.0743945170259136,0.0055982503663266625
0.293022,1768492071,0.03183378722416748,0.30806910338581506,0.22840089661418483,0.35976182900737264,0.015047103385815053,0.0012596373597563715,0.06462110338581517,-0.0006317040264230411,0.06673982900737263,0.00963768801854098
0.294179,1804228003,0.03833720285948354,0.3080331013222336,0.22841749867776628,0.35143662042406065,0.01385410132223358,3.600206358145286e-05,0.06576150132223374,-1.660206358145011e-05,0.05725762042406063,0.008325208583311983
0.292979,1609355490,0.016902235313793864,0.3084308820059887,0.22825545132734454,0.3416780311709525,0.015451882005988737,-0.0003977806837551223,0.06472354867265545,0.00016204735042174567,0.048699031170952534,0.00975858925310813
0.291607,1632212674,0.03559585332313715,0.3095759055733368,0.22795549442666316,0.33126740599011784,0.017968905573336802,-0.0011450235673480802,0.06365150557333685,0.0002999569006813807,0.03966040599011783,0.010410625180834687
0.27414299999999997,2172985938,0.11911301765866707,0.3098053112003036,0.22809062213302972,0.3032293433907708,0.03566231120030361,-0.00022940562696677214,0.04605237786697025,-0.00013512770636656124,0.02908634339077082,0.028038062599347047
0.278491,1638078551,0.043114499211823885,0.3093314543095765,0.2314488123570902,0.28963264503434105,0.030840454309576493,0.0004738568907270979,0.047042187642909794,-0.0033581902240604755,0.011141645034341063,0.013596698356429737
0.298165,2486979029,0.07615581976422443,0.31124762862886524,0.23298090470446808,0.30271226809901247,0.013082628628865223,-0.0019161743192887548,0.06518409529553193,-0.0015320923473778891,0.004547268099012458,-0.01307962306467142
0.293699,3122465894,0.07991855607271407,0.3121645947456167,0.23539160525438338,0.3052686364300643,0.01846559474561671,-0.0009169661167514609,0.05830739474561661,-0.0024107005499152956,0.011569636430064312,-0.002556368331051828
0.2981,2237941946,0.038731969137873204,0.31325744672661676,0.2379040199400499,0.3108621983304043,0.015157446726616786,-0.0010928519810000648,0.06019598005995008,-0.002512414685666514,0.012762198330404317,-0.005593561900339994
0.296007,2061536473,0.03124926099720608,0.31360638399987845,0.24111748266678817,0.31091265652066097,0.017599383999878426,-0.00034893727326168467,0.054889517333211846,-0.003213462726738281,0.014905656520660948,-5.045819025667475e-05
0.301956,2125813360,0.04181735087231252,0.3140467556175375,0.24471497771579584,0.316332199424026,0.012090755617537474,-0.00044037161765903,0.05724102228420416,-0.003597495049007665,0.014376199424026015,-0.005419542903365049
0.296555,1883224296,0.043084756621874463,0.31477880253656165,0.2466910641301049,0.3123219060767138,0.01822380253656164,-0.0007320469190241763,0.049863935869895126,-0.0019760864143090473,0.01576690607671377,0.004010293347312233
0.296358,1666132252,0.03860533543889478,0.31467641211486097,0.2499129878851388,0.30833045872242315,0.01831841211486096,0.00010239042170068213,0.04644501211486121,-0.003221923755033912,0.01197245872242314,0.003991447354290634
0.292642,1572251058,0.025816526677647018,0.31429437360062357,0.252901893066043,0.3006868618109665,0.021652373600623553,0.00038203851423740387,0.03974010693395702,-0.0029889051809041944,0.008044861810966475,0.007643596911456663
0.296263,1460243469,0.02193996550362349,0.3130942485180072,0.25732888481532606,0.29924821713940497,0.016831248518007214,0.0012001250826163545,0.038934115184673934,-0.004426991749283071,0.002985217139404972,0.0014386446715615175
0.291261,1381510371,0.028685611873886505,0.3117768758360514,0.2611346574972818,0.2923036880927429,0.02051587583605141,0.0013173726819558085,0.030126342502718173,-0.0038057726819557547,0.0010426880927428828,0.006944529046662096
0.299937,1647597869,0.03019300719817831,0.3105017255452729,0.26550847445472703,0.297364191114464,0.01056472554527288,0.001275150290778515,0.03442852554527298,-0.004373816957445209,-0.0025728088855360154,-0.005060503021721119
0.301255,1964177330,0.02193158619773937,0.30933035119094826,0.2695831821423849,0.3016101633864242,0.008075351190948266,0.001171374354324628,0.03167181785761508,-0.004074707687657886,0.00035516338642421763,-0.004245972271960219
0.31008600000000003,1790567871,0.04150461484878404,0.3111474865448237,0.27005944678850957,0.31340800089174026,0.0010614865448236865,-0.0018171353538754542,0.040026553211490457,-0.0004762646461246578,0.003322000891740229,-0.011797837505316044
0.292431,2430065390,0.10218820850046675,0.31110109194776636,0.2710373080522336,0.30015631316345115,0.018670091947766365,4.639459705735316e-05,0.021393691947766413,-0.0009778612637240114,0.007725313163451153,0.013251687728289108
0.276953,2026687432,0.06718468476600717,0.311318402061532,0.270508397938468,0.2743137290365314,0.03436540206153199,-0.00021731011376563414,0.006444602061532023,0.0005289101137656016,-0.0026392709634686096,0.025842584126919754
0.280196,1449652131,0.02192393895701584,0.3107531158364429,0.2716152174968904,0.2626179041041805,0.030557115836442883,0.0005652862250891122,0.008580782503109619,-0.0011068195584224005,-0.01757809589581949,0.011695824932350884
0.280204,1557437413,0.023011805684429947,0.310022737307974,0.2729525960253593,0.2569456923470108,0.029818737307973964,0.0007303785284689113,0.007251403974640691,-0.0013373785284689355,-0.023258307652989196,0.005672211757169698
0.275086,1437677669,0.035330769286695915,0.30983916039683745,0.27326250626982906,0.24982140973395345,0.03475316039683746,0.0001835769111365182,0.001823493730170933,-0.0003099102444697466,-0.02526459026604655,0.007124282613057364
0.272418,1404766289,0.022983062793207557,0.3103095886955466,0.27243561130445326,0.24499066297332864,0.037891588695546596,-0.0004704282987091357,-1.761130445326886e-05,0.0008268949653758018,-0.027427337026671356,0.00483074676062481
0.273036,1278922350,0.015975915263921156,0.3105594546418392,0.2706199453581606,0.24561208601401852,0.037523454641839205,-0.0002498659462926156,0.0024160546418394158,0.0018156659462926772,-0.027423913985981485,-0.000621423040689878
0.270391,1264478184,0.021446719750287543,0.3112638853635388,0.26869478130312763,0.24616977141741936,0.04087288536353878,-0.0007044307216995671,0.0016962186968723647,0.0019251640550329574,-0.024221228582580634,-0.0005576854034008427
0.261654,1548251349,0.04269378645080903,0.3128211018287005,0.2656051648379659,0.24009465974221078,0.05116710182870049,-0.0015572164651617149,-0.003951164837965926,0.003089616465161704,-0.021559340257789217,0.006075111675208578
0.263886,1195333401,0.018318516329020672,0.3127383555055982,0.2631259778277349,0.24240989427574133,0.04885235550559819,8.274632310228958e-05,0.0007600221722651179,0.002479187010231032,-0.021476105724258676,-0.0023152345335305524
0.265253,1273573229,0.024704715875032424,0.3129273779690333,0.2609534886976331,0.2490609552944114,0.04767437796903329,-0.00018902246343510676,0.004299511302366943,0.002172489130101818,-0.016192044705588604,-0.006651061018670079
0.255653,1452996115,0.061301842732140684,0.3139582144478044,0.2574313855521953,0.2461448787936089,0.0583052144478044,-0.0010308364787711133,-0.001778385552195283,0.0035221031454377716,-0.009508121206391107,0.0029160765008025002
0.2565,1420685334,0.04519298245614031,0.31443763894672355,0.25444002771994295,0.24902600706458355,0.057937638946723546,-0.0004794244989191343,0.002059972280057054,0.0029913578322523504,-0.007473992935416451,-0.002881128270974642
0.251364,1319069498,0.03504081730080695,0.31518879454440285,0.2509145387889302,0.24893953007399655,0.06382479454440287,-0.0007511555976792983,0.0004494612110697571,0.0035254889310127324,-0.0024244699260034253,8.647699058700331e-05
0.24376599999999998,1586333624,0.05221400851636401,0.31645773808470196,0.2464561952486311,0.24442314509884802,0.07269173808470197,-0.0012689435402991056,-0.002690195248631122,0.0044583435402991145,0.0006571450988480387,0.00451638497514853
0.2316,2012230945,0.08950777202072538,0.31943698370108287,0.24064074963225024,0.23248476248461653,0.08783698370108287,-0.00297924561638091,-0.009040749632250239,0.0058154456163808654,0.0008847624846165247,0.011938382614231496
0.236188,1480512363,0.03590783613054003,0.3211597054149388,0.23609782791839423,0.23513429837474514,0.08497170541493881,-0.001722721713855957,9.017208160577717e-05,0.004542921713856007,-0.0010537016252548659,-0.002649535890128618
0.22318400000000002,2932397174,0.05909473797404822,0.3225449713604531,0.22971382863954645,0.22759191307183113,0.0993609713604531,-0.0013852659455143024,-0.006529828639546431,0.0063839992788477795,0.00440791307183111,0.007542385302914012
0.21862199999999998,9415068271,0.08649632699362375,0.3240457175652903,0.22320794910137598,0.22353304235179705,0.10542371756529034,-0.0015007462048372,-0.004585949101375997,0.006505879538170473,0.004911042351797068,0.00405887072003408
0.22214499999999998,1322723640,0.037160413243602086,0.3239958194421906,0.21819418055780904,0.23096287586675524,0.1018508194421906,4.9898123099745284e-05,0.003950819442190945,0.005013768543566943,0.008817875866755254,-0.007429833514958184
0.225081,1608881984,0.05464255090389696,0.32333672144321113,0.2141248785567885,0.24473449407940173,0.09825572144321112,0.0006590979989794521,0.010956121443211508,0.004069302001020542,0.01965349407940173,-0.013771618212646497
0.22457,1244175231,0.030872333793471946,0.32156785927196574,0.21073467406136726,0.25811008485184056,0.09699785927196575,0.001768862171245389,0.013835325938632737,0.0033902044954212396,0.03354008485184057,-0.013375590772438828
0.230217,1325761774,0.03260836515114007,0.319629947521044,0.2082500524789557,0.2774289677634029,0.089412947521044,0.001937911750921728,0.021966947521044305,0.002484621582411556,0.04721196776340292,-0.019318882911562363
0.22647399999999998,1160032624,0.04004433179967688,0.3175352565459634,0.205685810120703,0.2891953115587487,0.09106125654596339,0.0020946909750806375,0.02078818987929698,0.0025642423582526996,0.06272131155874874,-0.011766343795345802
0.225333,1176237060,0.02783436070171689,0.31554028566862385,0.20319351433137597,0.2985188232587437,0.09020728566862385,0.001994970877339519,0.02213948566862403,0.002492295789327026,0.07318582325874368,-0.009323511699994957
0.219581,1187513777,0.04517695064691395,0.3130156293689244,0.20060603729774212,0.3007696625815819,0.09343462936892441,0.002524656299699446,0.018974962702257875,0.0025874770336338504,0.08118866258158189,-0.002250839322838205
0.21986999999999998,1017648495,0.029581116114067323,0.3106456491632815,0.19821661750338493,0.30513616919832454,0.09077564916328154,0.0023699802056428854,0.021653382496615053,0.002389419794357195,0.08526616919832455,-0.004366506616742649
0.216348,1427312577,0.04237154954055494,0.30680248524275583,0.1964871814239107,0.30641251061440233,0.09045448524275582,0.003843163920525694,0.019860818576089317,0.0017294360794742336,0.09006451061440232,-0.0012763414160777975
0.22292800000000002,1424294121,0.056565348453312195,0.3018395515112708,0.19622831515539563,0.31680882365251506,0.07891155151127077,0.004962933731485042,0.026699684844604388,0.0002588662685150678,0.09388082365251504,-0.010396313038112726
0.225505,1253702621,0.022496175251103177,0.2943579337585852,0.1980711995747479,0.3279511035428591,0.0688529337585852,0.0074816177526855765,0.02743380042525212,-0.0018428844193522642,0.1024461035428591,-0.011142279890344053
0.22844499999999998,1073561928,0.015325351835233762,0.28933540275770653,0.1988279972422932,0.33933182029779885,0.06089040275770655,0.005022531000878683,0.02961700275770679,-0.0007567976675453003,0.11088682029779887,-0.011380716754939735
0.230435,1117646358,0.03244732787987941,0.2862872218458995,0.19877497815410028,0.3491492132203994,0.0558522218458995,0.00304818091180703,0.03166002184589972,5.301908819291268e-05,0.11871421322039938,-0.009817392922600532
0.22545199999999999,1241659373,0.03610968188350506,0.2824840222539853,0.1989285777460145,0.34970406384122016,0.05703202225398529,0.003803199591914219,0.02652342225398549,-0.00015359959191421635,0.12425206384122017,-0.0005548506208207793
0.224302,1191690782,0.022179918146070954,0.27825033151111916,0.19943546848888055,0.34854905445582185,0.05394833151111916,0.004233690742866114,0.02486653151111945,-0.0005068907428660563,0.12424705445582185,0.001155009385398309
0.22205300000000003,1072062152,0.01554583815575553,0.27446117996050823,0.19968908670615815,0.34508169846772907,0.0524081799605082,0.0037891515506109363,0.02236391329384188,-0.0002536182172775958,0.12302869846772904,0.0034673559880927796
0.21985900000000003,1287697362,0.016960870376013636,0.27072945853722397,0.1999168747961091,0.34032369081542,0.05087045853722394,0.003731721423284262,0.019942125203890937,-0.00022778808995094213,0.12046469081542,0.004758007652309049
0.220755,1252707498,0.01846843786097709,0.26635451756161205,0.20080641577172095,0.33833452199136727,0.04559951756161204,0.004374940975611918,0.019948584228279054,-0.0008895409756118633,0.11757952199136726,0.001989168824052756
0.217356,1078990952,0.022759896207144074,0.2619890443101838,0.20163622235648251,0.3333893559798832,0.044633044310183834,0.00436547325142822,0.01571977764351748,-0.000829806584761561,0.11603335597988318,0.004945166011484092
0.21860100000000002,1171149673,0.039922049761895013,0.25872079655155816,0.20203427011510816,0.3319053184449897,0.040119796551558146,0.003268247758625664,0.016566729884891856,-0.000398047758625647,0.1133043184449897,0.0014840375348934565
0.207225,1486338425,0.05813005187598022,0.255090430283497,0.2018872363831693,0.31872298441621827,0.04786543028349699,0.0036303662680611803,0.005337763616830693,0.0001470337319388615,0.11149798441621828,0.013182334028771447
0.183699,2059426123,0.14787777832214652,0.25347135470075083,0.19806937863258212,0.28550243655963103,0.06977235470075083,0.0016190755827461545,-0.014370378632582115,0.0038178577505871836,0.10180343655963103,0.033220547856587235
0.196176,2136022808,0.09698943805562346,0.25115046521804096,0.19642513478195864,0.2811442959185269,0.054974465218040974,0.0023208894827098647,-0.0002491347819586487,0.001644243850623478,0.08496829591852692,0.004358140641104125
0.19081900000000002,1588179338,0.06254618250803103,0.24863924782159558,0.19455761884507072,0.27553732489706295,0.05782024782159556,0.0025112173964453866,-0.003738618845070707,0.0018675159368879146,0.08471832489706294,0.005606971021463958
0.19531600000000002,1765470385,0.05729177333142192,0.2459948819041456,0.19346545142918742,0.2803626719055844,0.05067888190414557,0.0026443659174499867,0.001850548570812599,0.001092167415883305,0.08504667190558438,-0.004825347008521441
0.194082,1208597753,0.028642532537793346,0.24433303382109375,0.19181503284557258,0.28522964532466366,0.05025103382109375,0.0016618480830518367,0.002266967154427424,0.0016504185836148377,0.09114764532466366,-0.004866973419079268
0.196978,1261599021,0.024657575972951297,0.2437560316307059,0.1900839017026271,0.2944662395887929,0.0467780316307059,0.0005770021903878653,0.0068940982973728915,0.0017311311429454856,0.09748823958879294,-0.009236594264129261
0.190943,1402992086,0.04316995124199369,0.24284591659758273,0.18797768340241686,0.296158865285326,0.05190291659758273,0.00091011503312316,0.0029653165975831453,0.0021062183002102386,0.10521586528532598,-0.0016926256965330566
0.192198,1255576963,0.03630110615094856,0.24291334564637537,0.18584452102029095,0.3010862987771947,0.050715345646375365,-6.742904879264433e-05,0.00635347897970906,0.0021331623821259083,0.10888829877719472,-0.004927433491868749
0.190719,1140140919,0.021749275111551617,0.243203875152801,0.18369379151386528,0.3047902967815128,0.05248487515280101,-0.00029052950642563524,0.007025208486134721,0.0021507295064256693,0.11407129678151282,-0.0037039980043180876
0.190394,1177534639,0.022989169826780214,0.24310871026199157,0.18167222307134137,0.308811713377541,0.052714710261991565,9.516489080943491e-05,0.008721776928658637,0.0020215684425239078,0.11841771337754098,-0.004021416596028171
0.191102,1151157499,0.02200918881016414,0.24254039315047032,0.17997527351619597,0.3139573367256662,0.05143839315047033,0.0005683171115212493,0.011126726483804028,0.001696949555145405,0.12285533672566623,-0.005145623348125239
0.193222,1168758140,0.02231629938619817,0.24174867150213059,0.178677128497869,0.32107934873878463,0.04852667150213058,0.0007917216483397382,0.014544871502131018,0.0012981450183269794,0.12785734873878463,-0.007122012013118406
0.197051,1176573822,0.03272249316166885,0.24006131663903796,0.17815341669429496,0.3309189488892845,0.043010316639037954,0.0016873548630926272,0.01889758330570504,0.0005237118035740229,0.13386794888928452,-0.009839600150499894
0.194474,1247499610,0.02586978207883834,0.23872253337663896,0.17735886662336064,0.3348436796064464,0.04424853337663895,0.0013387832623990015,0.017115133376639363,0.000794550070934319,0.1403696796064464,-0.003924730717161873
0.192894,1116761075,0.02544921044718859,0.23740503410454278,0.1765137658954568,0.3358924509787635,0.04451103410454277,0.0013174992720961787,0.0163802341045432,0.0008451007279038358,0.1429984509787635,-0.0010487713723171255
0.192667,1041134003,0.011704131999771519,0.23655503138421324,0.1755695019491197,0.3365102125862789,0.04388803138421324,0.0008500027203295346,0.017097498050880316,0.0009442639463371205,0.14384321258627888,-0.0006177616075153658
0.18804300000000002,1085351426,0.03163638104050674,0.23572008674364792,0.17428264658968506,0.33192160128753445,0.0476770867436479,0.0008349446405653271,0.013760353410314952,0.0012868553594346244,0.14387860128753444,0.004588611298744438
0.193521,1270017043,0.04249667994687906,0.23492702881491448,0.17355390451841848,0.33537587424372084,0.04140602881491448,0.0007930579287334372,0.019967095481581515,0.0007287420712665804,0.14185487424372084,-0.0034542729561863883
0.194355,999331594,0.01449924107946806,0.23334167875102046,0.17323438791564577,0.3385170659990936,0.038986678751020465,0.0015853500638940143,0.02112061208435423,0.00031951660277271254,0.1441620659990936,-0.003141191755372752
0.195537,1168067557,0.027304295350752086,0.2312597283999807,0.17331847160001884,0.3416117416951615,0.035722728399980724,0.002081950351039752,0.022218528399981147,-8.408368437307079e-05,0.14607474169516152,-0.0030946756960679167
0.22150999999999998,2301679290,0.12985418265541052,0.2302655729144884,0.17385029375217786,0.3717266528746435,0.008755572914488419,0.0009941554854923096,0.04765970624782212,-0.0005318221521590227,0.15021665287464353,-0.030114911179482007
0.213917,2237698314,0.06703067077417886,0.22801666542254692,0.17499800124411938,0.3801083717952165,0.014099665422546925,0.002248907491941482,0.03891899875588062,-0.0011477074919415131,0.1661913717952165,-0.00838171892057299
0.20902600000000002,1782128652,0.05496923827657816,0.226063965036492,0.1758556349635076,0.3772393880297891,0.017037965036491992,0.001952700386054912,0.03317036503649243,-0.0008576337193882122,0.1682133880297891,0.0028689837654273798
0.20489899999999997,1341130889,0.03198161045197866,0.22388156370452086,0.17674450296214542,0.36815309541462327,0.018982563704520894,0.0021824013319711455,0.028154497037854553,-0.0008888679986378267,0.1632540954146233,0.009086292615165859
0.212306,1693646276,0.0498478611061393,0.22256439969783742,0.17741186696882888,0.36820544428238555,0.010258399697837428,0.0013171640066834411,0.034894133031171115,-0.000667364006683463,0.15589944428238556,-5.234886776228631e-05
0.211851,1655817070,0.0420909035123743,0.22150058041866227,0.17794181958133737,0.36519298398106204,0.009649580418662262,0.0010638192791751488,0.03390918041866264,-0.0005299526125084886,0.15334198398106202,0.0030124603013235163
0.215633,1496128430,0.022436269031178017,0.2207192966262462,0.17838163670708682,0.36495166561468895,0.005086296626246212,0.0007812837924160709,0.037251363292913175,-0.00043981712574944765,0.14931866561468896,0.0002413183663730889
0.212617,1321442559,0.023920947055033132,0.22007670702055282,0.17870829297944685,0.3588484627726355,0.007459707020552819,0.0006425896056933833,0.03390870702055315,-0.0003266562723600319,0.1462314627726355,0.006103202842053457
0.23468699999999998,2639844916,0.125499068972717,0.2233290359548559,0.17652836404514385,0.3768881222558443,-0.011357964045144081,-0.003252328934303078,0.058158635954856125,0.0021799289343029937,0.1422011222558443,-0.018039659483208792
0.232895,2590278224,0.05614976706241012,0.22699702475384892,0.17457170857948412,0.38269349286822213,-0.0058979752461510715,-0.0036679887989930215,0.05832329142051587,0.0019566554656597346,0.14979849286822214,-0.005805370612377847
0.22857399999999997,2066952513,0.041618906787298376,0.2295584050547138,0.1750019949452859,0.3775733181273141,0.0009844050547138383,-0.0025613803008648905,0.05357200505471407,-0.0004302863658017797,0.14899931812731412,0.0051201747409080345
0.23877600000000002,2418043081,0.06943746440178224,0.23393814960846807,0.1734622503915316,0.38170134986565146,-0.00483785039153195,-0.004379744553754256,0.06531374960846842,0.001539744553754302,0.14292534986565145,-0.004128031738337368
0.243286,2391157804,0.0741472998857312,0.23853888233106646,0.17235931766893325,0.38497733993316974,-0.004747117668933543,-0.004600732722598394,0.07092668233106675,0.0011029327225983432,0.14169133993316974,-0.003275990067518275
0.235585,2211717302,0.08613027145191758,0.24141192204072792,0.17217087795927177,0.3739324163311737,0.005826922040727933,-0.0028730397096614624,0.06341412204072822,0.00018843970966148094,0.1383474163311737,0.011044923601996048
0.233296,1723535818,0.041843837871202216,0.24368120251170705,0.17251586415495934,0.3602979991639851,0.010385202511707048,-0.002269280470979129,0.06078013584504066,-0.00034498619568756883,0.12700199916398508,0.013634417167188606
0.237166,1701652845,0.036788578464029345,0.24629167668885868,0.17258458997780776,0.3524161555948295,0.009125676688858692,-0.002610474177151628,0.06458141002219223,-6.872582284841999e-05,0.11525015559482954,0.007881843569155556
0.236056,1517150861,0.018864167824583934,0.2483500550443323,0.17353374495566745,0.3429712946371429,0.012294055044332314,-0.0020583783554736224,0.06252225504433254,-0.0009491549778596897,0.10691529463714289,0.009444860957686652
0.226104,1600294983,0.05844655556734956,0.24918454403384976,0.17495965596614999,0.3232307240703717,0.023080544033849765,-0.0008344889895174623,0.051144344033850014,-0.0014259110104825334,0.09712672407037168,0.0197405705667712
0.223041,1706347379,0.04898202572621173,0.24956701389098543,0.1767319861090144,0.3056207060241931,0.02652601389098544,-0.0003824698571356644,0.0463090138909856,-0.0017723301428644034,0.08257970602419312,0.017610018046178566
0.220427,1373179560,0.024556882777518184,0.2496184859022148,0.17868271409778497,0.29076975455972376,0.029191485902214792,-5.147201122937539e-05,0.041744285902215045,-0.0019507279887705786,0.07034275455972375,0.014850951464469353
0.230686,1583964764,0.0520924546786541,0.2503298665906528,0.18061026674268033,0.2926360587044152,0.019643866590652814,-0.0007113806884380125,0.05007573325731968,-0.0019275526448953584,0.06195005870441522,-0.0018663041446914663
0.23122199999999998,1722593699,0.03309373675515302,0.25100797304580946,0.182465493620857,0.294216436099393,0.01978597304580948,-0.0006781064551566462,0.04875650637914297,-0.0018552268781766856,0.06299443609939304,-0.0015803773949777944
0.238488,2052700894,0.037679044647948835,0.25244621964704966,0.1837897136862835,0.3029747435898905,0.013958219647049658,-0.0014382466012402007,0.05469828631371651,-0.0013242200654264846,0.06448674358989051,-0.008758307490497497
0.23573000000000002,1883265674,0.025219530819157652,0.2532019012641124,0.18578443206922077,0.3047518965414938,0.017471901264112383,-0.0007556816170627423,0.049945567930779255,-0.0019947183829372717,0.0690218965414938,-0.0017771529516033002
0.243642,2125017678,0.057313599461505126,0.25446067983865944,0.1879088534946738,0.3138129512071236,0.010818679838659445,-0.001258778574547037,0.05573314650532621,-0.0021244214254530214,0.0701709512071236,-0.009061054665629786
0.239233,1892170752,0.03915847730037227,0.2548317021829096,0.19064223115042356,0.31339040282268693,0.015598702182909624,-0.00037102234425018255,0.04859076884957644,-0.002733377655749769,0.07415740282268693,0.00042254838443667175
0.24145500000000003,1592451417,0.020007868961090063,0.2545049987631517,0.19452973457018147,0.31433318574059843,0.01304999876315166,0.0003267034197579344,0.04692526542981856,-0.0038875034197579095,0.0728781857405984,-0.0009427829179114999
0.250734,2477130012,0.08876737897532853,0.2555189554811283,0.19732997785220496,0.3238363762032536,0.0047849554811282835,-0.0010139567179766051,0.05340402214779505,-0.0028002432820234957,0.0731023762032536,-0.009503190462655187
0.254627,2156814065,0.03226680595537787,0.2566760520338184,0.20019101463284822,0.33224334989756765,0.002049052033818388,-0.0011570965526900845,0.054435985367151773,-0.0028610367806432557,0.07761634989756766,-0.008406973694314035
0.266808,2900951896,0.07779376930227,0.2595865909925035,0.20203187567416314,0.3485907299801126,-0.007221409007496515,-0.002910538958685094,0.06477612432583685,-0.001840861041314923,0.0817827299801126,-0.016347380082544938
0.277468,3332447611,0.05170686349416869,0.2658722906400325,0.19947670935996742,0.3672922709783435,-0.01159570935996751,-0.006285699647529008,0.07799129064003257,0.0025551663141957226,0.0898242709783435,-0.018701540998230903
0.28221399999999996,3079150333,0.04409774143026209,0.27197298380972185,0.19792914952361135,0.3798452355684573,-0.010241016190278118,-0.006100693169689364,0.08428485047638862,0.0015475598363560716,0.09763123556845732,-0.012552964590113791
0.27928400000000003,2372731517,0.031057991148794824,0.2763610615195669,0.1982249384804329,0.37927455586060044,-0.0029229384804331238,-0.004388077709845062,0.08105906151956713,-0.0002957889568215577,0.0999905558606004,0.0005706797078568471
0.27724299999999996,2380993304,0.04655122040953234,0.2794240848428839,0.19998484849044937,0.3713251112127083,0.002181084842883929,-0.0030630233233169823,0.0772581515095506,-0.0017599100100164633,0.09408211121270832,0.007949444647892157
0.282457,2343599758,0.03820404521750211,0.28331737731948153,0.200768289347185,0.3670096307407155,0.0008603773194815201,-0.003893292476597643,0.08168871065281502,-0.0007834408567356232,0.0845526307407155,0.004315480471992761
0.27408000000000005,2403459577,0.04773788674839456,0.2853678628942255,0.20286640377244103,0.3501049284650788,0.011287862894225453,-0.0020504855747439654,0.07121359622755902,-0.002098114425256037,0.07602492846507874,0.01690470227563673
0.280141,2383677083,0.04592330290817844,0.2880953368995063,0.20443946310049355,0.34199248386945436,0.007954336899506309,-0.0027274740052807833,0.07570153689950643,-0.0015730593280525174,0.06185148386945438,0.008112444595624435
0.30439299999999997,4092541037,0.09048499801243783,0.2942785329939188,0.20437466700608103,0.3597622877564316,-0.010114467006081151,-0.006183196094412535,0.10001833299391893,6.479609441251144e-05,0.05536928775643163,-0.017769803886977242
0.326706,6473779289,0.09953903509577416,0.3051011681066764,0.19968663189332334,0.39057173302175485,-0.021604831893323573,-0.010822635112757606,0.12701936810667666,0.004688035112757699,0.06386573302175486,-0.030809445265323254
0.33482199999999995,4476902769,0.0687738559592859,0.3159163798546088,0.1956665534787244,0.41212522209846136,-0.018905620145391155,-0.010815211747932374,0.13915544652127557,0.004020078414598949,0.07730322209846141,-0.02155348907670651
0.306236,4282439063,0.13645685027233895,0.3203163204187366,0.19644407958126323,0.3861132523776531,0.01408032041873658,-0.004399940564127791,0.10979192041873678,-0.0007775261025388391,0.07987725237765309,0.02601196972080827
0.295034,4025339058,0.13608939986577814,0.32313496772359235,0.19737596560974086,0.35060910791829125,0.02810096772359233,-0.002818647304855759,0.09765803439025916,-0.0009318860284776298,0.05557510791829123,0.03550414445936184
0.286572,3690067847,0.08317630473319085,0.32495197783693963,0.1984446888297268,0.31393632409553734,0.03837997783693964,-0.0018170101133472838,0.0881273111702732,-0.0010687232199859398,0.02736432409553735,0.03667278382275391
0.297913,3719318846,0.07155109041901496,0.3275725108416512,0.19997935582501525,0.3002379376995,0.029659510841651193,-0.002620533004711545,0.09793364417498474,-0.0015346669952884529,0.0023249376995000404,0.013698386396037321
0.277602,3096501889,0.09395825678489336,0.3281750000917506,0.20233059990824917,0.26683693898481636,0.050573000091750586,-0.000602489250099425,0.07527140009175085,-0.002351244083233922,-0.010765061015183652,0.03340099871468366
0.272396,3138024579,0.05215568510550804,0.32848940337023597,0.2043648632964304,0.23955837388413137,0.05609340337023594,-0.00031440327848536453,0.06803113670356964,-0.0020342633881812178,-0.03283762611586866,0.027278565100684993
0.274938,2626495845,0.026176810771882945,0.3287767596666772,0.2066696403333226,0.22623229278674645,0.05383875966667717,-0.0002873562964412213,0.06826835966667741,-0.0023047770368922194,-0.04870570721325357,0.013326081097384923
0.275901,2190665842,0.016900989847807628,0.32842920108498297,0.2103369989150168,0.22079919756506217,0.05252820108498296,0.0003475585816942184,0.0655640010849832,-0.0036673585816942023,-0.05510180243493784,0.005433095221684281
0.282711,2313819448,0.02566224872749915,0.3279260887830121,0.21481811121698768,0.227233493271202,0.045215088783012114,0.000503112301970865,0.0678928887830123,-0.004481112301970874,-0.055477506728798004,-0.00643429570613982
0.270627,2472100400,0.06174919723457,0.32623243533553026,0.21985843133113614,0.22015719084406538,0.05560543533553025,0.0016936534474818465,0.05076856866886387,-0.0050403201141484555,-0.05046980915593463,0.00707630242713661
0.25341199999999997,2590099692,0.07013480024623905,0.3251075325439603,0.22249840078937277,0.19953710035628072,0.07169553254396033,0.0011249027915699594,0.030913599210627196,-0.002639969458236635,-0.05387489964371925,0.020620090487784654
0.23085100000000003,3273784862,0.11105431642054815,0.32513779830412215,0.2224434016958775,0.1658727546793226,0.09428679830412212,-3.0265760161851674e-05,0.008407598304122521,5.4999093495267104e-05,-0.06497824532067742,0.03366434567695811
0.237116,2775673347,0.08441859680493939,0.32522444692574276,0.22226528640759016,0.15785073132197178,0.08810844692574277,-8.664862162061082e-05,0.014850713592409831,0.0001781152882873449,-0.07926526867802822,0.008022023357350833
0.236296,2468502732,0.05276432948505267,0.3251860469253345,0.22234141974133179,0.1588660391068235,0.08889004692533448,3.840000040827851e-05,0.01395458025866822,-7.613333374162368e-05,-0.0774299608931765,-0.0010153077848517322
0.23119299999999998,2061348763,0.046580130021237676,0.3259639952572265,0.2207335380761064,0.16111907281875704,0.09477099525722654,-0.0007779483318920422,0.010459461923893576,0.0016078816652253802,-0.07007392718124295,-0.0022530337119335275
0.228846,2086828072,0.04418255071095826,0.32667284350696113,0.21933222315970513,0.16739896460212234,0.09782684350696114,-0.000708848249734606,0.009513776840294863,0.001401314916401275,-0.06144703539787766,-0.006279891783365299
0.238747,2466061224,0.05454309373520915,0.3268107551233268,0.21901377821000612,0.18967627802001125,0.08806375512332681,-0.00013791161636567129,0.01973322178999387,0.00031844494969901493,-0.04907072197998874,-0.02227731341788891
0.234381,2524293730,0.028854727985630314,0.3275101909207384,0.21722414241259458,0.20537961578604813,0.0931291909207384,-0.0006994357974116072,0.017156857587405427,0.0017896357974115373,-0.029001384213951875,-0.015703337766036884
0.23453000000000002,2280839542,0.026158700379482255,0.3282035187905259,0.21519101454280712,0.2213437450828628,0.09367351879052588,-0.0006933278697874856,0.019338985457192898,0.00203312786978746,-0.013186254917137208,-0.015964129296814678
0.23958200000000002,2299594699,0.0347062801045152,0.32848299088222194,0.21309647578444452,0.24222957863964162,0.08890099088222192,-0.0002794720916960425,0.0264855242155555,0.002094538758362602,0.0026475786396416012,-0.02088583355677881
0.244088,2423236344,0.027887483202779128,0.3281200294439643,0.21123410388936875,0.26465519210572497,0.08403202944396429,0.0003629614382576474,0.03285389611063125,0.001862371895075765,0.02056719210572497,-0.02242561346608335
0.237071,2109420975,0.03210430630486229,0.3275959751452282,0.20874862485477155,0.2742867011066332,0.0905249751452282,0.0005240542987360874,0.02832237514522845,0.002485479034597199,0.03721570110663322,-0.009631509000908256
0.206904,2627253062,0.1463673974403587,0.3290669967019427,0.20245226996472362,0.24999085938374274,0.12216299670194272,-0.0014710215567145246,0.00445173003527638,0.006296354890047928,0.04308685938374274,0.024295841722890482
0.209181,2796925948,0.05114231216028217,0.3298977659440456,0.19708403405595415,0.24154770027444955,0.12071676594404557,-0.0008307692421028467,0.012096965944045857,0.005368235908769475,0.032366700274449545,0.008443159109293191
0.21223499999999998,2317233373,0.04084623177138554,0.3297063648392984,0.19259396849403465,0.24449089446705743,0.1174713648392984,0.00019140110474719085,0.01964103150596533,0.0044900655619194985,0.032255894467057455,-0.002943194192607884
0.208096,2130165442,0.05756958326926016,0.32997967770415004,0.18792172229584966,0.24664489426106762,0.12188367770415004,-0.0002733128648516603,0.02017427770415034,0.004672246198184987,0.03854889426106761,-0.0021539997940101807
0.13963499999999998,3547958418,0.4976474379632614,0.337068325705837,0.17146600762749606,0.17753315708382283,0.19743332570583702,-0.007088648001686959,-0.03183100762749608,0.016455714668353605,0.03789815708382285,0.06911173717724478
0.159352,5160523077,0.31175636327124856,0.3369273268313465,0.16193760650198655,0.16473173149366924,0.17757532683134652,0.00014099887449048332,-0.0025856065019865537,0.009528401125509511,0.005379731493669243,0.012801425590153598
0.147292,2310448365,0.09742552209217066,0.33357818591194566,0.15332581408805412,0.1532462377595731,0.18628618591194565,0.0033491409194008614,-0.006033814088054118,0.008611792413932423,0.0059542377595731,0.01148549373409613
0.153902,2197842519,0.10411170745019545,0.3264540243016377,0.14838864236502874,0.16409122093172598,0.1725520243016377,0.007124161610307933,0.0055133576349712665,0.00493717172302538,0.010189220931725973,-0.010844983172152878
0.14106300000000002,2646513874,0.14649482855178173,0.3237245974743372,0.1401065358589959,0.16728547829819526,0.18266159747433716,0.0027294268273005406,0.0009564641410041153,0.008282106506032838,0.02622247829819524,-0.0031942573664692775
0.144524,2134494360,0.06906811325454608,0.3208594918741368,0.1329376414591963,0.18377990295093943,0.1763354918741368,0.0028651056002003683,0.011586358540803726,0.007168894399799619,0.03925590295093942,-0.016494424652744172
0.1431,1964626837,0.042823200559049576,0.31809237978592225,0.1261399535474108,0.20265307361050985,0.17499237978592225,0.0027671120882145628,0.016960046452589195,0.006797687911785477,0.05955307361050985,-0.01887317065957042
0.165037,2590533670,0.16569011797354521,0.31142705466421783,0.12394687866911522,0.24798217337727624,0.14639005466421784,0.006665325121704424,0.04109012133088477,0.0021930748782955922,0.08294517337727625,-0.045329099766766384
0.156868,2946481356,0.15697911619960736,0.30712499495810197,0.12020000504189776,0.2745172750473722,0.15025699495810196,0.004302059706115857,0.036667994958102246,0.0037468736272174563,0.11764927504737221,-0.026535101670095984
0.158179,2068099167,0.043602500964097554,0.3027210721235417,0.11698946120979135,0.29839344809455953,0.14454207212354173,0.004403922834560259,0.04118953879020863,0.003210543832106408,0.14021444809455955,-0.02387617304718731
0.15021400000000001,1864979798,0.0764575871756294,0.29767021104832214,0.11372538895167762,0.3091641722132076,0.14745621104832213,0.00505086107521957,0.03648861104832239,0.0032640722581137316,0.15895017221320756,-0.010770724118648045
0.157419,2117431211,0.05553967437221665,0.291392618064756,0.11210418193524373,0.3278518223021719,0.13397361806475602,0.006277592983566116,0.045314818064756276,0.0016212070164338954,0.1704328223021719,-0.018687650088964336
0.16225499999999998,2155981658,0.04110196912267732,0.28305834154189835,0.11240805845810141,0.3478701141902295,0.12080334154189837,0.008334276522857675,0.04984694154189857,-0.0003038765228576823,0.18561511419022952,-0.020018291888057593
0.161633,2096308696,0.03252429887461107,0.275786162242747,0.11241397109058607,0.3615754654163299,0.11415316224274699,0.00727217929915136,0.04921902890941393,-5.912632484658675e-06,0.1999424654163299,-0.013705351226100393
0.175019,2236102811,0.08852753129660212,0.2702864196202797,0.11268751371305337,0.3859028536302668,0.09526741962027971,0.005499742622467274,0.06233148628694664,-0.00027354262246730154,0.21088385363026677,-0.024327388213936874
0.17619500000000002,2849306896,0.08979255938023198,0.2672160230934645,0.11211417690653523,0.4019965005528817,0.09102102309346446,0.0030703965268152333,0.06408082309346479,0.0005733368065181377,0.2258015005528817,-0.016093646922614946
0.175783,2689925753,0.06777674746704748,0.26320418036501675,0.11203715296831628,0.41012449796008166,0.08742118036501675,0.004011842728447734,0.06374584703168372,7.702393821895637e-05,0.23434149796008166,-0.008127997407199938
0.163829,1996124443,0.0783805065037325,0.2589614520534649,0.11144874794653475,0.39989760936944596,0.09513245205346488,0.004242728311551869,0.05238025205346525,0.0005884050217815212,0.23606860936944596,0.010226888590635697
0.172171,2131319206,0.06385512078108395,0.25504095329129567,0.11143444670870394,0.4008334937380541,0.08286995329129568,0.003920498762169211,0.060736553291296055,1.4301237830818825e-05,0.2286624937380541,-0.000935884368608142
0.17456300000000002,2101862050,0.036284894278856214,0.2511823064704465,0.11167422686288646,0.40195710189781486,0.07661930647044646,0.0038586468208491875,0.06288877313711357,-0.00023978015418252285,0.22739410189781484,-0.0011236081597607583
0.175323,2053108172,0.03530055953868019,0.24563991164475812,0.11298835502190813,0.40112988508971215,0.07031691164475812,0.005542394825688357,0.06233464497809188,-0.0013141281590216686,0.22580688508971214,0.0008272168081027154
0.17864000000000002,2352651038,0.0504422301836096,0.2404372852722988,0.11447491472770079,0.40172640474467614,0.061797285272298774,0.005202626372459329,0.06416508527229924,-0.0014865597057926588,0.22308640474467611,-0.0005965196549639895
0.17946700000000002,2106869711,0.03255194548301366,0.23481481188585254,0.11642652144748036,0.40023056854522576,0.05534781188585253,0.005622473386446253,0.06304047855251965,-0.0019516067197795778,0.22076356854522575,0.0014958361994503733
0.181732,1793826153,0.021982919904034504,0.2278165285152678,0.1195681381513984,0.39887518210506834,0.046084528515267786,0.006998283370584751,0.062163861848601606,-0.003141616703918035,0.21714318210506833,0.0013553864401574245
0.17940599999999998,1660971367,0.026303468111434407,0.21877154578472746,0.12430098754860547,0.3924193609544192,0.03936554578472748,0.00904498273054033,0.055105012451394514,-0.00473284939720707,0.21301336095441922,0.0064558211506491325
0.19550599999999999,2529832372,0.08442707640686231,0.21150400126869953,0.12879753206463337,0.4031950051882416,0.015998001268699547,0.0072675445160279295,0.06670846793536661,-0.004496544516027906,0.2076890051882416,-0.010775644233822379
0.192093,2626151910,0.06591078279791562,0.209521495266209,0.12979263806712388,0.4025121864679412,0.017428495266208988,0.0019825060024905306,0.062300361932876136,-0.0009951060024905034,0.21041918646794117,0.0006828187203004044
0.200869,2091042647,0.04912156679228759,0.2082098540283409,0.13055014597165865,0.40788507535632945,0.007340854028340921,0.0013116412378680886,0.07031885402834134,-0.000757507904534771,0.20701607535632946,-0.005372888888388272
0.198257,1878628668,0.027287813292847154,0.2059081195454146,0.1319200137879183,0.40401043172697393,0.007651119545414614,0.0023017344829263098,0.0663369862120817,-0.00136986781625964,0.20575343172697394,0.003874643629355523
0.18746400000000002,2105282079,0.0804261084794946,0.20290067332141953,0.1335519933452467,0.3853200121494095,0.015436673321419514,0.0030074462239950694,0.05391200665475332,-0.0016319795573284113,0.19785601214940945,0.018690419577564454
0.188063,1847482831,0.03339838245694267,0.20350138191810355,0.13617981808189597,0.37068692013125937,0.015438381918103539,-0.0006007085966840131,0.05188318191810404,-0.00262782473664927,0.18262392013125936,0.014633092018150107
0.190135,2087857417,0.032771451863149795,0.2050767312779976,0.1366566687220019,0.3608433172323401,0.01494173127799761,-0.0015753493598940627,0.05347833127799809,-0.00047685064010594136,0.1707083172323401,0.00984360289891928
0.18773199999999998,2253497429,0.04647582724309113,0.20576142291781016,0.13866797708218928,0.3494725366968574,0.01802942291781018,-0.0006846916398125513,0.0490640229178107,-0.0020113083601873694,0.16174053669685742,0.011370780535482683
0.185335,1889687587,0.025483583780721422,0.20640349619194837,0.14012143714138442,0.33765360211038,0.021068496191948366,-0.0006420732741382051,0.04521356285861558,-0.0014534600591951385,0.15231860211037998,0.011818934586477425
0.18127000000000001,1963736221,0.044745407403321204,0.20553378022975438,0.14367161977024506,0.3242706917829042,0.024263780229754367,0.0008697159621939843,0.03759838022975495,-0.003550182628860643,0.14300069178290417,0.013382910327475794
0.190104,2610251456,0.0727023103143541,0.20537153293404692,0.14687253373261916,0.3247707434167457,0.015267532934046923,0.00016224729570746277,0.043231466267380836,-0.0032009139623740968,0.13466674341674573,-0.0005000516338415362
0.190202,1887808776,0.023091239839749207,0.20456717085014275,0.15081702914985673,0.32429315370919054,0.014365170850142744,0.0008043620839041643,0.03938497085014328,-0.00394449541723757,0.13409115370919053,0.0004775897075551816
0.194925,1918245143,0.028400666923175506,0.2058367412518289,0.1515399920815039,0.32828230886245763,0.010911741251828921,-0.0012695704016861542,0.04338500791849609,-0.0007229629316471697,0.13335730886245764,-0.003989155153267088
0.190859,1904866741,0.029084297832431272,0.20602216660421344,0.153620633395786,0.32514267524142,0.015163166604213435,-0.0001854253523845273,0.03723836660421401,-0.0020806413142820945,0.13428367524142,0.0031396336210376408
0.18349000000000001,2364973860,0.07122458989590712,0.2055806580662347,0.15574954193376472,0.3140256687133017,0.022090658066234697,0.00044150853797872425,0.02774045806623529,-0.00212890853797873,0.13053566871330166,0.011117006528118312
0.184328,1912728846,0.015635172084545068,0.20392429806632706,0.159680168600339,0.3075119380074339,0.019596298066327067,0.0016563599999076528,0.02464783139966098,-0.003930626666574288,0.12318393800743394,0.0065137307058677485
0.18797,1783803231,0.034877906048837615,0.20302791800252976,0.1626132819974697,0.30731326953278887,0.015057918002529758,0.000896380063797303,0.02535671800253031,-0.0029331133971306766,0.11934326953278887,0.00019866847464505843
0.191711,2271111354,0.04185466665971177,0.20269456417701262,0.1649103691563201,0.311194604587599,0.010983564177012628,0.0003333538255171353,0.026800630843679896,-0.0022970871588504083,0.11948360458759902,-0.003881335054810142
0.193665,1853837706,0.02587974078950774,0.20212764198410277,0.16761275801589665,0.31545641396813295,0.008462641984102764,0.0005669221929098522,0.026052241984103358,-0.002702388859576549,0.12179141396813295,-0.004261809380533943
0.195054,1648491142,0.01745670429727148,0.20276861381855382,0.16830745284811227,0.3190952951549785,0.007714613818553817,-0.000640971834451054,0.026746547151887734,-0.0006946948322156254,0.12404129515497847,-0.0036388811868455218
0.196805,1692427521,0.01377505652803532,0.20355735016502702,0.16889271650163906,0.32252704036408236,0.00675235016502701,-0.0007887363464731956,0.027912283498360946,-0.0005852636535267908,0.12572204036408235,-0.003431745209103887
0.197978,1792695610,0.01938599238299209,0.20434754656587525,0.16958218676745754,0.3249806435374241,0.006369546565875267,-0.0007901964008482365,0.02839581323254245,-0.0006894702658184759,0.12700264353742413,-0.0024536031733417563
0.215484,2515531348,0.10087059828107889,0.2068042230563325,0.17056917694366697,0.34463239030770176,-0.008679776943667505,-0.002456676490457249,0.04491482305633304,-0.000986990176209429,0.12914839030770175,-0.019651746770277645
0.22743200000000002,3041995823,0.0711905096908086,0.21252061576634285,0.16853685090032333,0.3678331639632201,-0.014911384233657177,-0.005716392710010343,0.05889514909967669,0.002032326043343635,0.14040116396322005,-0.023200773655518314
0.212761,3145263527,0.11339484209982109,0.21438409169628656,0.16921990830371295,0.3626072993439456,0.0016230916962865494,-0.0018634759299437087,0.04354109169628706,-0.0006830574033896142,0.14984629934394558,0.0052258646192744895
0.219248,2306876493,0.05462307523899883,0.2170889483687092,0.16944338496462372,0.36300305781811715,-0.0021590516312907926,-0.002704856672422651,0.04980461503537628,-0.00022347666091077079,0.14375505781811715,-0.0003957584741715592
